{"single": 0.360411060071542, "double": -0.11388465484704115, "triple": 1.9463123624743466, "tetris": 2.540254998128072, "b2b": 3.0020121270777773, "row_trans": -0.20023321717832493, "col_trans": -0.1967536155047584, "roughness": -0.37094329546289484, "covered_holes": -4.932516333692787, "bump_pen": 1.287357734459608, "holes": -0.34779504614186324, "height": -0.48181159441419014, "max_h": -0.19498749695371842, "well_depth": 0.6931829532693801, "well_cells": 0.0421812394715312, "t_spot": 1.9895040807968833, "parity": -0.19978362537366035}